{
  "id": "1991416",
  "name": "小米",
  "font_family": "iconfont",
  "css_prefix_text": "icon-",
  "description": "",
  "glyphs": [
    {
      "icon_id": "7556885",
      "name": "搜索",
      "font_class": "sousuo",
      "unicode": "e611",
      "unicode_decimal": 58897
    },
    {
      "icon_id": "1115023",
      "name": "播放",
      "font_class": "bofang1",
      "unicode": "e60f",
      "unicode_decimal": 58895
    },
    {
      "icon_id": "908604",
      "name": "扩展",
      "font_class": "kuozhan",
      "unicode": "e6b2",
      "unicode_decimal": 59058
    },
    {
      "icon_id": "1106018",
      "name": "播放",
      "font_class": "bofang",
      "unicode": "e604",
      "unicode_decimal": 58884
    },
    {
      "icon_id": "6638075",
      "name": "美女管家",
      "font_class": "meinvguanjia",
      "unicode": "e62e",
      "unicode_decimal": 58926
    },
    {
      "icon_id": "5440942",
      "name": "购物车",
      "font_class": "gouwuche1",
      "unicode": "e6df",
      "unicode_decimal": 59103
    },
    {
      "icon_id": "577341",
      "name": "购物车",
      "font_class": "gouwuche",
      "unicode": "e73d",
      "unicode_decimal": 59197
    },
    {
      "icon_id": "11556683",
      "name": "放大镜备份",
      "font_class": "fangdajingbeifen",
      "unicode": "e612",
      "unicode_decimal": 58898
    },
    {
      "icon_id": "2121731",
      "name": "公文包",
      "font_class": "gongwenbao",
      "unicode": "e60e",
      "unicode_decimal": 58894
    },
    {
      "icon_id": "4941944",
      "name": "公益",
      "font_class": "public-welfare",
      "unicode": "e652",
      "unicode_decimal": 58962
    },
    {
      "icon_id": "15821690",
      "name": "卡包",
      "font_class": "kabao",
      "unicode": "e610",
      "unicode_decimal": 58896
    },
    {
      "icon_id": "985",
      "name": "理财",
      "font_class": "licai",
      "unicode": "e600",
      "unicode_decimal": 58880
    },
    {
      "icon_id": "992",
      "name": "话费",
      "font_class": "huafei",
      "unicode": "e601",
      "unicode_decimal": 58881
    },
    {
      "icon_id": "100539",
      "name": "水电煤",
      "font_class": "shuidianmei",
      "unicode": "e606",
      "unicode_decimal": 58886
    },
    {
      "icon_id": "657303",
      "name": "分期－更多",
      "font_class": "gengduo",
      "unicode": "e63f",
      "unicode_decimal": 58943
    },
    {
      "icon_id": "1323764",
      "name": "分期付款",
      "font_class": "fenqifukuan",
      "unicode": "e6c1",
      "unicode_decimal": 59073
    },
    {
      "icon_id": "3227826",
      "name": "卡片",
      "font_class": "qiapian",
      "unicode": "e6b8",
      "unicode_decimal": 59064
    },
    {
      "icon_id": "5087927",
      "name": "公益表演",
      "font_class": "gongyibiaoyan",
      "unicode": "e616",
      "unicode_decimal": 58902
    }
  ]
}
